{"cameraMode":{"drawMode":0,"name":"Shaded","section":"Shading Mode"},"sceneLighting":true,"audioPlay":false,"sceneViewState":{"showFog":true,"showMaterialUpdate":false,"showSkybox":true,"showFlares":true,"showImageEffects":true,"showParticleSystems":true},"in2DMode":false,"pivot":{"x":1.6317894458770753,"y":1.2111873626708985,"z":0.6937934160232544},"rotation":{"x":0.06400968879461289,"y":0.7736603021621704,"z":-0.07918818295001984,"w":0.6253683567047119},"size":2.6943461894989015,"orthographic":false}